cg16867657,cg14361627,cg07553761,cg24079702,cg19283806,Age
0.6511944,0.2326429,0.302952,0.4263265,0.2415119,67
0.7510902,0.2634336,0.4102727,0.4834946,0.1420469,89
0.6720775,0.2376333,0.350735,0.4817202,0.2475643,66
0.6844807,0.2437681,0.3695829,0.43553,0.2060706,64
0.6645727,0.2351956,0.3392363,0.3899761,0.1853702,62
0.8284963,0.2361522,0.3943104,0.4528512,0.1802745,87
0.7150636,0.2197271,0.3715856,0.4791637,0.2274863,73
0.7319633,0.2655961,0.306547,0.4517472,0.1627596,75
0.7315454,0.2683707,0.379767,0.4378527,0.1904502,73
0.7523077,0.1761251,0.4214483,0.4823279,0.2942425,83
0.796961,0.2629844,0.4095272,0.392451,0.1438437,82
0.6105281,0.1999652,0.2960206,0.3377854,0.3351575,48
0.7206269,0.2594464,0.386797,0.4676838,0.1876424,77
0.6277769,0.2224782,0.3309783,0.3435608,0.3651802,54
0.6553519,0.2802933,0.3085403,0.4390797,0.2066788,63
0.6732372,0.2708641,0.3475003,0.4214066,0.2084566,71
0.6886716,0.2355697,0.3336255,0.453008,0.2684322,68
0.7444009,0.3165603,0.3506156,0.4628171,0.1786236,80
0.7836949,0.2224045,0.3764239,0.5129567,0.1723695,92
0.6494253,0.1728605,0.3324445,0.3912788,0.2666046,60
0.7413704,0.3093127,0.3745149,0.5006171,0.4012282,79
0.6658021,0.2014908,0.3211297,0.4232203,0.1795878,68
0.8472735,0.2623883,0.463129,0.5203891,0.1348882,93
0.7764669,0.2057757,0.2655459,0.5340938,0.1279079,84
0.7130616,0.2534415,0.3567072,0.509299,0.2563829,74
0.7336591,0.2473073,0.2802218,0.3746972,0.1552036,74
0.6892684,0.3095438,0.3832316,0.4419091,0.2519839,76
0.7548083,0.1320883,0.3251331,0.2589767,0.2079253,56
0.7295246,0.2370628,0.3290082,0.4669138,0.2091386,72
0.7469714,0.2584126,0.4102198,0.4917114,0.2353408,75
0.7554666,0.2514463,0.2813298,0.397862,0.1301612,79
0.9451751,0.1182151,0.5442504,0.4838102,0.05514234,73
0.7484966,0.2464159,0.4187661,0.4476575,0.1005931,82
0.744858,0.2382656,0.3324459,0.4723028,0.197598,74
0.7839726,0.2428351,0.4902927,0.4865645,0.06096539,79
0.6685563,0.2149489,0.2894848,0.3913527,0.2701692,54
0.8277159,0.3012077,0.3955729,0.5172676,0.1036683,101
0.7564805,0.3095982,0.4113073,0.537203,0.1545434,79
0.7722826,0.2800744,0.4183889,0.4973512,0.0783244,84
0.7430839,0.2251882,0.3962824,0.4914878,0.116682,85
0.7576303,0.2817951,0.4506739,0.5463928,0.1297491,87
0.741704,0.2748555,0.3499103,0.4269212,0.1442345,74
0.7752848,0.3529415,0.3717959,0.4300199,0.1643098,77
0.7202167,0.188449,0.3020774,0.7559325,0.2308457,73
0.7599689,0.3280591,0.4452843,0.5583624,0.1735796,87
0.7390581,0.227421,0.2995315,0.4716744,0.2248171,85
0.7618294,0.2440463,0.3933778,0.4791615,0.1592359,88
0.7390801,0.2073437,0.3105592,0.4013212,0.2182595,66
0.7721112,0.2351166,0.3679746,0.4262136,0.1401244,78
0.6613585,0.1984819,0.2984813,0.3903637,0.2698549,53
0.7430577,0.2690597,0.4978777,0.485559,0.1471073,76
0.7563509,0.262049,0.2771375,0.4108438,0.2129586,67
0.8002347,0.2660332,0.4309151,0.4907942,0.3843043,73
0.6738113,0.2208083,0.2922691,0.3996286,0.2478333,54
0.7554626,0.3019982,0.3842949,0.5038919,0.1894308,73
0.9205764,0.2080128,0.4541163,0.6543806,0.1697376,96
0.7212562,0.3232986,0.3771537,0.4170285,0.2004846,57
0.7298476,0.2541479,0.3219357,0.4099613,0.1150271,76
0.5759606,0.1644284,0.2521093,0.3439366,0.2721732,47
0.6147026,0.1806003,0.2779842,0.4181391,0.2494433,54
0.6951446,0.1755202,0.3107198,0.3809924,0.2382479,73
0.7517247,0.2657245,0.3212354,0.4626946,0.1622727,84
0.8386506,0.2415768,0.2977962,0.3973286,0.2591621,62
0.8507718,0.316553,0.568302,0.429304,0.03998126,89
0.7114872,0.2214453,0.3778217,0.5287793,0.2036863,68
0.705152,0.1839875,0.3403774,0.4124373,0.2262665,62
0.7339224,0.22724698,0.3925199,0.4576644,0.1437643,79
0.7100685,0.235921,0.3255378,0.3803146,0.1817242,72
0.7465886,0.1847702,0.3709308,0.4339107,0.1240334,69
0.756739,0.1758227,0.276369,0.3991064,0.3027586,55
0.6746264,0.2395388,0.3308195,0.3654888,0.1930004,73
0.7412519,0.2446958,0.319863,0.4684165,0.1757367,79
0.7334428,0.2410222,0.3407587,0.4353407,0.1904774,72
0.6753671,0.3896623,0.4032076,0.4944157,0.1220454,89
0.7481898,0.2218239,0.3878696,0.333895,0.07131622,79
0.765074,0.2729787,0.271736,0.4641094,0.2224976,85
0.7755026,0.1284831,0.490377,0.5105366,0.1078112,68
0.7668046,0.1811702,0.387094,0.4228424,0.1125426,89
0.7621058,0.3512225,0.4102941,0.4885275,0.185141,73
0.6527831,0.2669527,0.3437259,0.4412044,0.2303008,63
0.6966845,0.2679667,0.3447372,0.4875322,0.1897472,78
0.6803722,0.2060717,0.3158103,0.4801514,0.2892005,65
0.7114501,0.1619183,0.3632492,0.4831014,0.1668967,65
0.7880375,0.3209653,0.3916392,0.6121759,0.1581111,89
0.794125,0.3004459,0.4284422,0.4730631,0.1149047,85
0.7250376,0.216715,0.3087507,0.357122,0.1989927,66
0.7142454,0.3078178,0.3987571,0.5063987,0.2227092,76
0.7586725,0.2007605,0.3537842,0.3831749,0.1988776,74
0.779932,0.2436095,0.3684637,0.4805348,0.1610764,84
0.7727185,0.2812318,0.4044457,0.4242401,0.1394388,71
0.6229684,0.210683,0.2988533,0.3767059,0.2778445,49
0.7308398,0.1953626,0.3807888,0.394378,0.1987947,69
0.6668291,0.2034857,0.3650218,0.5063159,0.2578968,63
0.7223625,0.1967645,0.3877701,0.4283488,0.1759412,66
0.7604074,0.3304599,0.3768992,0.4953224,0.2996391,85
0.7053955,0.2694702,0.3589589,0.4310647,0.1585378,76
0.7723839,0.1281861,0.6342269,0.2839681,0.06768097,84
0.6578482,0.2258009,0.296032,0.3751598,0.2073054,59
0.6941202,0.2203346,0.3181469,0.4005868,0.215108,70
0.7038245,0.2578028,0.3104297,0.4056578,0.1681814,65
0.7620847,0.2256891,0.3655489,0.4552252,0.1424022,68
0.7486982,0.2287761,0.3974169,0.531006,0.1386892,84
0.7634181,0.2570466,0.381907,0.423263,0.125857,75
0.6182324,0.1625357,0.3062313,0.3227689,0.2343927,51
0.6879355,0.212054,0.3060911,0.4396065,0.2411872,63
0.6613097,0.2322775,0.3375639,0.4612984,0.09929855,69
0.7370197,0.3161125,0.3734859,0.557543,0.1392939,78
0.7759894,0.1931535,0.4356973,0.4903225,0.1770911,78
0.6399093,0.1748235,0.2888163,0.3867808,0.3054313,52
0.6609651,0.1918985,0.3201372,0.4037124,0.2918009,49
0.636771,0.1606007,0.3186372,0.4128082,0.2439198,53
0.6497897,0.2275936,0.2998148,0.3551158,0.228595,59
0.6587625,0.2582626,0.2953427,0.4352522,0.2599561,62
0.6793292,0.1772947,0.2473097,0.3031878,0.2038871,46
0.7081397,0.217554,0.314562,0.4095501,0.2373443,68
0.7500386,0.2638675,0.3123966,0.4544363,0.2600487,74
0.6945258,0.2536351,0.3040251,0.3696427,0.3466629,59
0.6771177,0.2581366,0.3638069,0.4378766,0.2022227,76
0.6737232,0.1970831,0.3329014,0.4439237,0.4028898,54
0.6837789,0.2063278,0.3042921,0.364268,0.2531989,59
0.6376821,0.227142,0.3195665,0.3801833,0.2402839,48
0.5947521,0.1697547,0.2687627,0.3927801,0.332685,45
0.6611806,0.1699308,0.3426469,0.3861244,0.1330369,62
0.7081658,0.1931902,0.327607,0.4584804,0.2046127,63
0.7168567,0.2698109,0.3706605,0.46233,0.2271607,80
0.6517641,0.2479816,0.3630999,0.467904,0.2969046,60
0.7795148,0.2498811,0.3524855,0.5043828,0.1589751,71
0.7307492,0.2326278,0.3915966,0.5203137,0.304764,67
0.6132722,0.1563894,0.3021551,0.4179769,0.2927576,50
0.7758082,0.2491223,0.3903894,0.5339901,0.317578,86
0.7860739,0.2204482,0.387486,0.5316246,0.1589727,70
0.6125819,0.1792901,0.3241529,0.3837713,0.304188,54
0.7290756,0.2705129,0.3677477,0.4673061,0.2595348,69
0.7724285,0.1226237,0.413032,0.4546947,0.1468076,76
0.5948106,0.1616292,0.3042351,0.4171448,0.3299923,58
0.6729238,0.2426217,0.3009472,0.3653212,0.2041817,58
0.7014117,0.1843198,0.3274068,0.3313919,0.2535961,64
0.6930224,0.2978411,0.3584098,0.4157422,0.1720099,73
0.6134767,0.1588227,0.288883,0.3271218,0.3545152,49
0.6037811,0.1800885,0.3039105,0.3499602,0.2349988,56
0.7268605,0.2289192,0.2870144,0.3616407,0.1528039,75
0.6461783,0.2032069,0.2906992,0.3915249,0.3301797,48
0.7224537,0.2066561,0.352901,0.4901145,0.1714674,81
0.7171511,0.2266781,0.4098221,0.4368363,0.1900233,72
0.7315484,0.1403089,0.3028654,0.3311279,0.1985094,61
0.6572648,0.1927952,0.3444862,0.4013173,0.2611474,50
0.6592147,0.2565667,0.3424445,0.4464757,0.2181002,69
0.6924228,0.2361832,0.3143966,0.5028783,0.2733221,65
0.6117541,0.1887622,0.2824999,0.3924633,0.3017791,47
0.6329725,0.1692252,0.3165322,0.4441509,0.3258817,43
0.6809654,0.2023861,0.3416359,0.4066357,0.2070777,55
0.6300682,0.1755415,0.3080905,0.3603431,0.262712,54
0.6376951,0.2074115,0.3237561,0.3625852,0.1567389,58
0.5693894,0.169162,0.2884289,0.3607419,0.371315,34
0.6317034,0.2230267,0.3010904,0.4286506,0.2597689,65
0.6361051,0.1765887,0.2862126,0.3917253,0.3119656,52
0.5850098,0.1372861,0.2872285,0.287454,0.3310212,32
0.6373129,0.2032769,0.2429218,0.3948307,0.2402904,47
0.6877285,0.2025755,0.3360524,0.4208261,0.1757594,54
0.6781265,0.2120025,0.3277758,0.3582086,0.1900086,63
0.4819567,0.1453704,0.2376227,0.3203777,0.3678329,28
0.7451332,0.1929567,0.3357249,0.4011815,0.1455028,54
0.6427448,0.2128219,0.31457039,0.4386057,0.2423153,59
0.6435189,0.1886539,0.2645856,0.3458075,0.220396,56
0.6583422,0.2075229,0.2960526,0.3874429,0.3494427,50
0.5415511,0.1282348,0.3167861,0.2862175,0.4036502,30
0.5814301,0.1702638,0.2669978,0.3506777,0.3311793,50
0.6372234,0.1533977,0.2899353,0.3125776,0.2912028,47
0.5851048,0.1810362,0.3032462,0.3693934,0.2707693,47
0.5221466,0.1261517,0.2359569,0.3096113,0.4101432,33
0.5657424,0.1988724,0.2512285,0.3032813,0.347206,38
0.5611106,0.137292,0.2788744,0.3206671,0.3470603,35
0.5608102,0.2001265,0.2964777,0.3887728,0.2549722,47
0.743883,0.2261392,0.3575023,0.4291362,0.1226836,80
0.7692871,0.3010781,0.4034098,0.4985987,0.2728005,86
0.695067,0.2420844,0.3261862,0.4517357,0.2084202,71
0.6498978,0.229827,0.4031584,0.4344384,0.2385379,77
0.6814363,0.283005,0.3150419,0.4353394,0.3182858,67
0.7574108,0.2062643,0.4239643,0.5219864,0.1560741,84
0.7152258,0.2745801,0.3954271,0.4952685,0.2491287,80
0.6834496,0.2612427,0.3561583,0.4880185,0.1818005,70
0.6969849,0.2849873,0.3248735,0.4774744,0.2484851,67
0.6523548,0.2449252,0.3272586,0.4335417,0.2361696,63
0.7251156,0.2745894,0.3778329,0.5289155,0.1935671,70
0.6689343,0.2059559,0.3188764,0.42529,0.2096585,56
0.7090219,0.2545099,0.3496749,0.4736845,0.3142317,67
0.7001137,0.2685368,0.3129148,0.4549606,0.2279841,70
0.6972126,0.2570554,0.3301556,0.5016455,0.275626,70
0.7985595,0.2377551,0.3619628,0.5475684,0.1509044,74
0.7129239,0.3166854,0.3522072,0.4659899,0.1726072,73
0.7651765,0.2086708,0.3580842,0.4308642,0.1361499,77
0.786907,0.2892087,0.4015949,0.5268415,0.1008562,80
0.703109,0.2027393,0.3418301,0.4366167,0.1866082,66
0.8067054,0.4378138,0.5163052,0.4057089,0.1037388,85
0.7264185,0.2858513,0.3406291,0.4459547,0.2364908,76
0.710684,0.2560295,0.3696446,0.3950062,0.2387208,78
0.7558324,0.267367,0.4169252,0.5265246,0.1531684,82
0.7039926,0.2808568,0.3611012,0.4793507,0.267439,76
0.7549514,0.2331866,0.2763422,0.3700862,0.2018519,71
0.7142879,0.216304,0.3934329,0.4772372,0.19278,82
0.7641302,0.2289488,0.3678854,0.4968778,0.241696,83
0.7570033,0.283576,0.3736064,0.4604844,0.1866083,79
0.664057,0.3263099,0.3321276,0.4438911,0.1616318,75
0.6742641,0.2562554,0.326406,0.4443002,0.1749791,68
0.6536953,0.2366054,0.3038456,0.4302658,0.2655012,64
0.7038757,0.2186342,0.364307,0.4564534,0.185523,70
0.8620757,0.2742179,0.4249097,0.484808,0.2319323,92
0.7161008,0.1627825,0.4072357,0.3927238,0.1663195,74
0.7456732,0.253172,0.3484602,0.4661258,0.3000697,69
0.7919018,0.1980649,0.3699197,0.4066134,0.1186041,80
0.6547927,0.2011216,0.3486555,0.4896759,0.2909033,63
0.7602276,0.2609673,0.3577315,0.4200232,0.1916881,77
0.749477,0.2493015,0.3926416,0.4985026,0.3232917,81
0.7375706,0.2886272,0.4029193,0.4555965,0.1215606,82
0.6756786,0.2242891,0.3299178,0.4308093,0.2231579,69
0.7010816,0.2303097,0.3453608,0.4513525,0.1937902,73
0.7208824,0.2385171,0.3478009,0.4505381,0.1683268,66
0.6972325,0.1960679,0.5167168,0.3386969,0.04367433,87
0.6576649,0.2390484,0.3701185,0.4371841,0.2074966,68
0.6871896,0.2441106,0.325792,0.4342262,0.2106737,69
0.6930325,0.3123358,0.3734278,0.4709574,0.2467478,76
0.6804694,0.2213987,0.3253732,0.4218636,0.1880579,69
0.7487864,0.200842,0.3585443,0.4718333,0.1592905,81
0.6932516,0.2214442,0.3752532,0.4232465,0.3020414,71
0.6721138,0.2154949,0.4344865,0.4071717,0.1524918,71
0.6999256,0.2410508,0.332249,0.4035083,0.1844574,75
0.636647,0.2100838,0.310096,0.3517563,0.2656946,60
0.7705668,0.2087767,0.321024,0.4617453,0.1728111,77
0.7911128,0.2931478,0.3877979,0.4822112,0.1813497,85
0.6920041,0.2425265,0.3553258,0.4195922,0.2062276,70
0.6176794,0.1709868,0.2961907,0.4235851,0.2171967,62
0.6953726,0.2634094,0.3128833,0.470845,0.1772704,69
0.6839325,0.2695312,0.4704744,0.3414703,0.2335239,73
0.7381633,0.2402546,0.373961,0.4800671,0.2179431,73
0.743,0.2770466,0.347378,0.4737803,0.2055303,74
0.6705193,0.2232633,0.3234898,0.5034562,0.2038724,73
0.8120967,0.1654622,0.3644783,0.4892633,0.1483745,86
0.8043684,0.2495648,0.3502849,0.4519672,0.1555103,83
0.7829579,0.2399726,0.3695245,0.4966048,0.1440126,76
0.7398291,0.2214845,0.3638282,0.4603649,0.1435698,75
0.749061,0.1411262,0.435106,0.3079699,0.2839355,64
0.6613902,0.2199338,0.3188364,0.4195571,0.1964631,67
0.7669892,0.2605893,0.4345354,0.5315092,0.2008499,88
0.5818557,0.2257356,0.1876309,0.3880339,0.23648773,48
0.5789016,0.1998614,0.2090488,0.3300124,0.358322,44
0.5436248,0.2582638,0.2406979,0.3406359,0.2765998,48
0.6278726,0.2769145,0.2639743,0.4227988,0.203804,62
0.6387972,0.1588738,0.2304971,0.3756769,0.2415357,54
0.5516556,0.1544772,0.2053097,0.3229232,0.30168,46
0.6456164,0.2488851,0.3053765,0.455206,0.245159,60
0.5271779,0.1965606,0.1739649,0.3076911,0.2558689,40
0.5711899,0.1718489,0.1958802,0.3355338,0.2542516,43
0.5391032,0.1491139,0.2000102,0.3031106,0.2607498,41
0.6159512,0.2188733,0.2288144,0.2909251,0.2681286,53
0.5976619,0.2088884,0.2013193,0.2969404,0.1700942,48
0.7293382,0.2467957,0.2968601,0.3892135,0.1755255,71
0.5923342,0.223451,0.261186,0.3734882,0.2660391,52
0.6719288,0.2473309,0.2841505,0.3980266,0.273697,64
0.5374236,0.2152124,0.2541477,0.3162628,0.1554587,48
0.5920671,0.2390739,0.2079984,0.3883225,0.2499422,55
0.6766529,0.2979096,0.3293902,0.3838838,0.2459935,68
0.5742996,0.2034943,0.2396481,0.3822176,0.3674171,46
0.6491397,0.2632005,0.3006688,0.4235501,0.2020399,64
0.6405643,0.2380173,0.2383051,0.3766017,0.3171171,57
0.5746111,0.1507575,0.2249648,0.3628196,0.2813942,45
0.5939832,0.2029568,0.2634048,0.3590491,0.2850089,51
0.6227621,0.3143623,0.2590679,0.3887224,0.2879962,53
0.5950857,0.2442582,0.2465916,0.4009444,0.2166442,60
0.5649077,0.2313207,0.258222,0.3342194,0.2200832,51
0.6280606,0.4334187,0.1781382,0.2014893,0.2613625,73
0.542309,0.1857945,0.2174061,0.2991136,0.2605889,38
0.6600955,0.2284914,0.2476884,0.3637514,0.1881503,42
0.7020737,0.2982,0.2948011,0.441364,0.2302743,64
0.6300665,0.1934106,0.2608899,0.4066608,0.252445,58
0.5563503,0.1490304,0.2236016,0.3487279,0.1457501,43
0.5430824,0.2021192,0.2065965,0.3413342,0.3962908,38
0.5660599,0.1868914,0.2370311,0.3850758,0.2422124,54
0.6672972,0.1727137,0.254975,0.401311,0.1486095,70
0.5085794,0.1687853,0.2186517,0.3176329,0.3157315,44
0.6693259,0.2403137,0.2394889,0.3940339,0.2530859,62
0.6041524,0.2640085,0.192616,0.3699954,0.1448417,51
0.5321032,0.1731364,0.1882902,0.3722718,0.3118478,41
0.6289176,0.2305973,0.2564078,0.3339114,0.2871468,53
0.6475307,0.2279941,0.3001242,0.3895333,0.1541399,65
0.5762299,0.1764126,0.1954518,0.4024793,0.2985437,50
0.6318687,0.2394674,0.2433799,0.3404223,0.2170033,55
0.6718395,0.1976135,0.2216887,0.3451623,0.1762669,62
0.6536645,0.1896151,0.2889982,0.3925705,0.2106479,61
0.5223464,0.1762411,0.1622604,0.3001929,0.3409256,38
0.6531898,0.2012595,0.2847403,0.4013876,0.2454258,59
0.7209024,0.2356441,0.3691586,0.3876786,0.21681956,64
0.6443897,0.1921294,0.2209215,0.3320424,0.2882759,57
0.651798,0.2092059,0.2508888,0.3727801,0.2490823,57
0.5975207,0.2130261,0.2347984,0.385081,0.2481704,49
0.5836771,0.2241781,0.3130865,0.3639607,0.2245684,64
0.5987433,0.2109,0.2375861,0.3523916,0.2142441,66
0.5806379,0.255396,0.2687163,0.3507683,0.274627,52
0.6014122,0.1703421,0.2855207,0.3102586,0.2907977,43
0.5891222,0.2094607,0.2812645,0.3874546,0.2746608,49
0.6479005,0.1991875,0.2228469,0.3882253,0.2500594,51
0.6274773,0.2316196,0.261712,0.3884189,0.223699,58
0.6264083,0.2458048,0.2842159,0.4157917,0.1344056,63
0.6109402,0.2321294,0.2309696,0.3543061,0.261552,55
0.5749732,0.2134497,0.2349364,0.3532202,0.3029148,50
0.6531838,0.2464427,0.3025024,0.3709148,0.2255689,57
0.5448548,0.1690447,0.1633538,0.3266506,0.3464342,33
0.5554113,0.1784185,0.2308749,0.3097573,0.2961131,46
0.5644615,0.2105394,0.249028,0.3936474,0.2423006,46
0.6071173,0.2431857,0.272942,0.3824963,0.2325073,66
0.5914136,0.2043138,0.2604725,0.3551131,0.2140398,55
0.6330028,0.190999,0.2317454,0.4061763,0.2731139,64
0.4780285,0.19727,0.2174267,0.2882278,0.2014947,46
0.6822454,0.2698301,0.2761017,0.3680893,0.2268892,66
0.5728436,0.1814024,0.2645831,0.3204082,0.355158,47
0.5892625,0.2053425,0.2158419,0.3687842,0.1615593,58
0.6398885,0.2088983,0.2235574,0.3652303,0.2673115,61
0.5164029,0.1744056,0.259699,0.4018728,0.3032938,48
0.5786451,0.1714828,0.2600801,0.3268518,0.3212967,45
0.6241709,0.2541431,0.2596261,0.3665443,0.1983775,62
0.6026184,0.2040435,0.2760868,0.4387706,0.2799397,50
0.572477,0.1483568,0.2340918,0.3383885,0.2535803,34
0.6986392,0.2419114,0.2756784,0.3826462,0.1972724,64
0.6048538,0.2046692,0.2140509,0.3470123,0.2158005,55
0.556268,0.2048178,0.2070331,0.382804,0.3697705,48
0.5710604,0.2178039,0.2099927,0.3340218,0.2074925,60
0.7056828,0.2597162,0.2640816,0.4835674,0.3198879,64
0.619449,0.2042084,0.3117256,0.3803576,0.1904863,58
0.4875272,0.1403714,0.2152751,0.2790947,0.2279139,37
0.6673495,0.2323468,0.2807223,0.4912938,0.2211934,60
0.6732368,0.2571301,0.2314886,0.3732108,0.1709689,63
0.6692123,0.2013325,0.2700601,0.4135816,0.1688449,59
0.6164637,0.2192537,0.2586718,0.3858213,0.2155673,54
0.6584789,0.1929218,0.2299099,0.3972969,0.1235848,60
0.5659307,0.2397422,0.169895,0.344218,0.3316649,51
0.662773,0.218355,0.267787,0.4159576,0.1795397,63
0.6582711,0.1818597,0.2738017,0.3835596,0.1344354,64
0.6579181,0.2698608,0.3384134,0.3711445,0.1703119,64
0.5717049,0.2156966,0.231306,0.3275881,0.2674849,44
0.6292988,0.3129431,0.245742,0.4898347,0.1308648,65
0.653693,0.2313564,0.2690954,0.389145,0.2296814,66
0.6454803,0.2431307,0.248911,0.3571464,0.255383,51
0.6439961,0.2680921,0.2641411,0.428624,0.2418426,61
0.6017746,0.1811536,0.1962733,0.3397685,0.35339,52
0.6506217,0.2822867,0.2078649,0.3949966,0.160958,61
0.6557876,0.258504,0.2593994,0.3342429,0.213868,59
0.5658005,0.3056085,0.2466323,0.3629986,0.1859946,57
0.595024,0.17514,0.2834157,0.3849545,0.3087478,52
0.6264474,0.2005889,0.2337216,0.3224411,0.2295222,55
0.6380655,0.2884426,0.2814715,0.3887388,0.2456075,59
0.6125104,0.237279,0.2562457,0.4166674,0.2996747,59
0.6186974,0.2700776,0.2631802,0.4491843,0.2755039,61
0.5424914,0.1938147,0.2317092,0.3058732,0.2863465,46
0.5153831,0.1707975,0.2130955,0.3103552,0.4274942,31
0.6035582,0.2342968,0.2687772,0.4063453,0.2539642,55
0.5528153,0.2105641,0.2207715,0.347026,0.2402329,53
0.5252157,0.1510941,0.2211812,0.389233,0.2004782,42
0.6699464,0.2271395,0.2546585,0.4166498,0.3328304,59
0.5917516,0.2112225,0.2830876,0.3585127,0.365306,50
0.5932633,0.2337122,0.2563952,0.4104127,0.3221721,52
0.5439798,0.1701735,0.196007,0.3087997,0.3357487,45
0.6085905,0.2879854,0.2478001,0.3896337,0.2132818,65
0.6226103,0.2427838,0.2550636,0.4105255,0.3517756,59
0.5986624,0.1923746,0.2241419,0.4047263,0.2756263,58
0.6739597,0.2238061,0.2779011,0.4202935,0.2002286,64
0.6366262,0.2271386,0.2514821,0.444761,0.2028756,61
0.6014139,0.228225,0.2544615,0.3504451,0.2157711,67
0.6353185,0.2393687,0.227537,0.3685524,0.2963567,59
0.6269367,0.2351343,0.2392517,0.3179419,0.2095324,58
0.5481847,0.1964621,0.2207757,0.345971,0.3292673,54
0.6166175,0.2235948,0.2140437,0.412598,0.3488204,57
0.6484277,0.2193794,0.2168197,0.4383501,0.2585359,60
0.598914,0.2177745,0.2270479,0.3091493,0.3549234,50
0.5968573,0.2021604,0.2111693,0.4053873,0.3147146,57
0.6244575,0.2230788,0.2342776,0.3689843,0.1340047,66
0.5538158,0.1855243,0.2235003,0.3267791,0.279722,44
0.6042209,0.2510065,0.2526327,0.434206,0.3176004,62
0.6423133,0.2334184,0.2335256,0.3724502,0.1405177,76
0.5645384,0.2071994,0.2460404,0.3617117,0.2335496,48
0.5875615,0.2020867,0.2311618,0.3741793,0.2100216,46
0.5926768,0.1843116,0.2485853,0.3406076,0.3166384,41
0.6356154,0.2274859,0.308084,0.3896914,0.262591,59
0.6125302,0.1645345,0.2573271,0.3313709,0.223703,52
0.5995725,0.1976009,0.2556763,0.3577042,0.2115342,50
0.5786074,0.1791588,0.2035713,0.3144379,0.335481,45
0.6298365,0.253769,0.2886123,0.3631583,0.2051447,52
0.6584588,0.2083822,0.2699043,0.3749489,0.2392103,54
0.7225923,0.2606689,0.2754305,0.3266698,0.1579722,62
0.6083297,0.204191,0.2857805,0.417549,0.2271725,62
0.6633443,0.2896844,0.2302043,0.4134308,0.1506722,63
0.6446975,0.2493673,0.2202865,0.3597078,0.1578472,55
0.6638388,0.2272314,0.2637866,0.4405384,0.247572,60
0.5796906,0.2180937,0.2521013,0.2872155,0.09211746,65
0.6561306,0.2428569,0.2581656,0.3306776,0.1991972,64
0.6552501,0.2526252,0.2859602,0.3166032,0.08533292,57
0.6587797,0.2156677,0.2463455,0.4113988,0.1987095,63
0.5573677,0.1855165,0.1849337,0.3708625,0.3088334,40
0.6773084,0.2597973,0.2084191,0.3536717,0.2354468,57
0.5688207,0.1682256,0.1899841,0.2941497,0.2750952,38
0.6676316,0.2939318,0.2700717,0.4184797,0.2819049,64
0.6585199,0.2031909,0.2520162,0.4086394,0.2281797,59
0.6430335,0.1572186,0.3080555,0.3963262,0.0904742,58
0.5698231,0.1849429,0.1956483,0.3149658,0.3087028,41
0.6548464,0.2294378,0.2663754,0.3984751,0.2995628,58
0.5256757,0.1412211,0.1997802,0.3186309,0.385776,26
0.6224004,0.2530016,0.2569854,0.3715529,0.2127717,61
0.6517859,0.2182693,0.2531402,0.398259,0.2045857,56
0.6789581,0.2775688,0.2990338,0.4173525,0.1916308,66
0.6746085,0.2684605,0.2655332,0.4891239,0.2258169,62
0.553442,0.2158276,0.2935906,0.3812899,0.2565625,56
0.6401168,0.2186591,0.2342799,0.3563677,0.1449581,55
0.6136215,0.1895434,0.2691011,0.3719963,0.2602199,61
0.6544306,0.2201526,0.2685664,0.4313624,0.2892625,58
0.6582505,0.2514776,0.297978,0.385632,0.1984387,53
0.6826398,0.2381666,0.2927214,0.4037639,0.1945593,63
0.6017578,0.2571571,0.22369,0.3808585,0.3699566,59
0.5891272,0.2468963,0.2974188,0.3834383,0.2357839,61
0.6716267,0.2617771,0.2533646,0.4109226,0.1642488,66
0.6425893,0.2568672,0.2391761,0.3645367,0.260242,65
0.6719386,0.2399595,0.2603384,0.3776757,0.2861859,58
0.5462663,0.190144,0.2148832,0.3519848,0.2142182,43
0.6243407,0.194394,0.2817434,0.3609588,0.2016985,55
0.5792117,0.2208469,0.217172,0.3570646,0.2376256,47
0.6633087,0.2365747,0.2244354,0.3879832,0.2002531,50
0.6037562,0.2187874,0.2144831,0.3328605,0.3242149,46
0.5770513,0.178055,0.198821,0.3448491,0.2982206,54
0.7227577,0.2327197,0.3734286,0.4970186,0.05272972,80
0.7600116,0.2199738,0.29414296,0.3601385,0.1305797,83
0.7024027,0.3022637,0.2949185,0.4018955,0.1126307,77
0.6819031,0.2937755,0.2824983,0.4962415,0.239886,76
0.6568551,0.2846687,0.2525032,0.3859401,0.2317389,64
0.6928867,0.3068151,0.3419614,0.4334849,0.1652284,70
0.7833101,0.2411201,0.2982569,0.3912799,0.1640032,82
0.710954,0.1721685,0.3865915,0.45118,0.1678842,58
0.68954,0.2643088,0.2327028,0.403928,0.2908317,66
0.6393477,0.3140737,0.2386451,0.4019907,0.1189688,85
0.710268,0.2874525,0.2776374,0.3586005,0.2183984,66
0.7320176,0.2355661,0.3132642,0.4289272,0.1237365,69
0.7306742,0.2640035,0.3788011,0.3879003,0.1060611,84
0.635353,0.2598201,0.3130735,0.437849,0.1706613,79
0.6742131,0.216503,0.2896901,0.3781491,0.2380009,64
0.7294212,0.223603,0.2957018,0.3432009,0.04654758,78
0.6021079,0.2413366,0.2238002,0.3762446,0.09542366,53
0.6360856,0.1990036,0.22835,0.3255783,0.2107538,59
0.6575379,0.2130537,0.2665267,0.4151836,0.2083294,65
0.6501921,0.2601405,0.2697863,0.395306,0.282616,61
0.6117153,0.270862,0.2408073,0.3765951,0.2738948,58
0.689551,0.2120529,0.2867354,0.4145037,0.1238112,69
0.6176422,0.206881,0.222407,0.3453737,0.2760094,60
0.6580718,0.2554592,0.2478048,0.4095674,0.2058578,65
0.8175415,0.2103441,0.4110484,0.4123444,0.07340749,89
0.8287407,0.2319618,0.3505591,0.3416364,0.1033437,74
0.903033,0.3280636,0.3782634,0.4208666,0.0,81
0.6698493,0.1653116,0.2644831,0.3773878,0.09190945,68
0.6708084,0.2440981,0.2932575,0.3580903,0.1198244,68
0.6993982,0.1900557,0.2539198,0.3807218,0.1745362,65
0.7973915,0.3561982,0.3138554,0.4803041,0.306075,90
0.7357655,0.2231114,0.2523773,0.3513123,0.1222693,66
0.6697765,0.3127461,0.3021172,0.4119015,0.1478569,79
0.6222295,0.1951666,0.2595211,0.3349113,0.2015858,57
0.7063897,0.2639804,0.2707971,0.4557578,0.2128551,76
0.7410145,0.3012181,0.3237523,0.4511474,0.148777,79
0.5730635,0.1703131,0.2242755,0.3502023,0.2044489,49
0.7834378,0.3631506,0.3659545,0.5522757,0.103394,92
0.6474568,0.2387756,0.2314579,0.3496739,0.2690426,66
0.6221716,0.1979133,0.2071443,0.351458,0.1608378,59
0.6498323,0.2560949,0.2476624,0.42052,0.2742943,76
0.6189766,0.1871802,0.266721,0.366928,0.2251648,56
0.6234835,0.2818892,0.2193818,0.3456033,0.2213769,52
0.6785294,0.2346405,0.2530223,0.4143603,0.1869801,65
0.6714746,0.2923184,0.233271,0.4260037,0.2073036,73
0.6872765,0.2446506,0.2744483,0.374619,0.1773646,65
0.7357735,0.3491558,0.2619804,0.4852856,0.1565433,84
0.5462273,0.2047263,0.1815387,0.303983,0.3043822,51
0.6808974,0.2585181,0.3085918,0.414718,0.150186,78
0.6360672,0.2725613,0.2690054,0.3705242,0.1745167,53
0.7326288,0.25132569,0.3299584,0.4549753,0.3632588,68
0.6144506,0.2180949,0.215768,0.3273108,0.3504761,52
0.6868395,0.2203942,0.1283424,0.2750132,0.1731726,72
0.5848533,0.2004986,0.2164094,0.2922895,0.3085809,48
0.619598,0.255107,0.2881958,0.329566,0.2931129,60
0.8278534,0.1625375,0.518493,0.5050793,0.04435044,61
0.6758384,0.2383738,0.2908273,0.380266,0.1983606,69
0.7675956,0.2324909,0.2787014,0.3729068,0.2146174,81
0.6154546,0.255424,0.1636181,0.3141589,0.3019882,56
0.657737,0.2703424,0.2827635,0.3895113,0.1827546,79
0.7831188,0.2558171,0.342729,0.4822051,0.2702305,82
0.6013246,0.2462018,0.2482967,0.3881602,0.3534051,58
0.7029012,0.2615601,0.382934,0.4351957,0.2598109,75
0.7265052,0.1461798,0.2399909,0.429772,0.1652321,78
0.6047568,0.217131,0.2714889,0.4211388,0.2443734,57
0.8047447,0.1731797,0.4052244,0.4787911,0.07876977,70
0.7641702,0.3336339,0.3262974,0.4337108,0.1609891,77
0.6258761,0.2031357,0.2608171,0.3992332,0.2807799,56
0.7037525,0.1500607,0.3145574,0.3996274,0.250722,67
0.6621816,0.2594993,0.29775,0.3998226,0.2289514,76
0.8147737,0.3155769,0.3424382,0.5157459,0.1385282,89
0.7256078,0.2125557,0.3035436,0.4081239,0.1516789,69
0.7163388,0.226009,0.3208276,0.4896686,0.1058915,79
0.7459987,0.3717797,0.3333952,0.4449176,0.2052536,80
0.7066053,0.1928149,0.3063852,0.7009984,0.08112058,76
0.5925124,0.204438,0.2993289,0.3965605,0.2565347,48
0.6752193,0.2285752,0.301313,0.3458094,0.2743815,61
0.6358778,0.1946819,0.2313268,0.3147444,0.2786213,52
0.7042474,0.2982269,0.3240194,0.4675509,0.14827,69
0.5876287,0.1530794,0.2072647,0.3940407,0.2646972,41
0.6771802,0.1911436,0.3410161,0.3624183,0.1340494,69
0.6269121,0.2492098,0.2763836,0.3913939,0.1677295,65
0.5782576,0.189799,0.2119179,0.325195,0.2948719,45
0.5288252,0.1957157,0.2054816,0.277683,0.3875749,66
0.6994835,0.2985111,0.290919,0.4252581,0.2066398,76
0.7296025,0.2690461,0.2764772,0.3708371,0.1656866,76
0.5708764,0.1853206,0.2273957,0.342589,0.2772547,45
0.683485,0.2833591,0.2140838,0.3926997,0.1565099,71
0.5946332,0.1809807,0.2439259,0.3904259,0.3278155,52
0.7866474,0.2616732,0.2304776,0.4058428,0.1410799,84
0.6465232,0.237561,0.2833249,0.422935,0.2337263,57
0.6546407,0.2655225,0.2846386,0.3745941,0.2410931,68
0.6891956,0.3034648,0.3441778,0.4181484,0.1608522,74
0.481078,0.1786742,0.1741455,0.2745815,0.416281,33
0.7286779,0.2166255,0.3237258,0.4827839,0.2407997,68
0.7827091,0.308716,0.4051501,0.4767332,0.2073183,73
0.6936047,0.3150432,0.2804914,0.4160724,0.2259023,79
0.7427804,0.3684393,0.3094375,0.4185382,0.2113905,72
0.7047215,0.3157336,0.3022608,0.4201102,0.166264,78
0.6947247,0.2350138,0.3170426,0.3839917,0.1144904,68
0.5847803,0.2118076,0.2596599,0.3806552,0.2166344,52
0.6769202,0.2260469,0.2343866,0.356089,0.1815583,64
0.4922997,0.1516653,0.2133363,0.2819275,0.5317352,27
0.4817381,0.2114426,0.1663443,0.2662244,0.460797,29
0.6270897,0.2187933,0.2462494,0.3512276,0.3557746,44
0.5945579,0.1879328,0.2307718,0.3650492,0.4314682,41
0.5863045,0.2245465,0.2482102,0.3613545,0.2843105,45
0.5169337,0.1538537,0.1884624,0.2633075,0.4084467,27
0.6355251,0.2116091,0.2834874,0.3762359,0.3220553,48
0.6297122,0.2259382,0.283518,0.3877909,0.2183776,56
0.4867789,0.1698541,0.2016566,0.2701881,0.3213805,34
0.6125824,0.2354289,0.2238841,0.4563313,0.2828336,69
0.6065171,0.257232,0.09196207,0.2828739,0.3048529,56
0.5734088,0.2342974,0.2456429,0.3141306,0.2684999,47
0.636476,0.1894882,0.2370903,0.3441123,0.144087,56
0.6577975,0.2015765,0.3219336,0.3863137,0.2111234,60
0.6925434,0.2624532,0.255319,0.3705843,0.1918883,75
0.5894263,0.2255787,0.2174186,0.3490432,0.1649962,60
0.5810211,0.1736613,0.2209921,0.3387801,0.2321239,47
0.6310916,0.2272014,0.2544255,0.3335259,0.2688036,55
0.5055727,0.1578565,0.1910848,0.3106563,0.3802878,32
0.4008706,0.1106387,0.1714702,0.1953328,0.3211406,23
0.5162305,0.1252102,0.2515956,0.354665,0.3074948,43
0.5473874,0.1968334,0.2303465,0.4008048,0.2386452,47
0.6159779,0.2175012,0.2437208,0.3545214,0.3183957,44
0.5717525,0.1257959,0.2097798,0.3223208,0.4049798,37
0.4890275,0.1433116,0.2170244,0.2584915,0.4430725,27
0.6855939,0.2402182,0.2597706,0.4157739,0.2976682,69
0.4898466,0.1189348,0.1787771,0.261517,0.39486,28
0.6115309,0.230129,0.3240826,0.4035533,0.2733597,51
0.6320171,0.2270887,0.3197816,0.3776838,0.2411304,57
0.4450968,0.1141951,0.1999403,0.2591623,0.3873658,19
0.5833996,0.2502598,0.3285227,0.391266,0.3300867,44
0.5859081,0.2041232,0.2645887,0.337396,0.2693482,49
0.4929496,0.1786253,0.2202488,0.3114018,0.345006,34
0.5716125,0.1877774,0.2837002,0.2966867,0.312853,44
0.6650081,0.2613215,0.3353299,0.4287451,0.2742134,62
0.5260746,0.1666784,0.2663171,0.3133855,0.3872419,30
0.6006173,0.2227558,0.2823674,0.3962896,0.4203909,49
0.5499163,0.1519447,0.2023304,0.2838723,0.3166447,36
0.4613742,0.1258701,0.208363,0.2792807,0.3290323,25
0.5459653,0.163584,0.2934305,0.325514,0.2565593,36
0.4629988,0.1423535,0.2127994,0.2944563,0.3670887,21
0.576126,0.2006318,0.2882014,0.3816346,0.3028603,40
0.470802,0.1456814,0.2011514,0.2449384,0.4908971,22
0.5702467,0.1192922,0.2301898,0.3423715,0.4420554,36
0.6283415,0.2715554,0.3059135,0.3600429,0.2820335,58
0.7148234,0.255977,0.3674853,0.4929315,0.09612574,83
0.7152367,0.2288388,0.3159593,0.4671641,0.1814633,69
0.6975005,0.3123079,0.404543,0.5327273,0.1291664,89
0.73677,0.2829087,0.3597151,0.5395576,0.1995201,89
0.669444,0.2272521,0.3144275,0.4427027,0.2541249,66
0.6466323,0.2502085,0.2864496,0.4187277,0.3305012,55
0.7002082,0.2712807,0.3791693,0.4398,0.1160997,82
0.6774442,0.324093,0.3043536,0.4078757,0.2575422,73
0.7384589,0.4685374,0.3375133,0.5126606,0.106127,77
0.7006201,0.2902878,0.3733373,0.433848,0.1295771,80
0.672001,0.2252645,0.3272873,0.4065816,0.2058316,79
0.7197965,0.2555105,0.3274699,0.4082124,0.1525023,73
0.7757676,0.2777215,0.3381415,0.4367241,0.1349432,82
0.7834255,0.2094028,0.4462064,0.4346828,0.1225257,85
0.6954004,0.2632732,0.3472562,0.4848658,0.04985069,91
0.7064052,0.3569004,0.3354728,0.443624,0.1306135,85
0.7886863,0.2954395,0.3702136,0.4036966,0.1674158,86
0.7535211,0.277814,0.3231021,0.4789398,0.1929753,74
0.7761794,0.3376731,0.3963614,0.4427033,0.06263362,90
0.6933384,0.2934365,0.3725415,0.5208275,0.09694047,87
0.7281322,0.2478666,0.3193591,0.4470184,0.1884165,76
0.7462522,0.215126,0.3152394,0.3974638,0.2123174,81
0.6307549,0.2831362,0.3043944,0.4061993,0.1678018,59
0.6929808,0.2611952,0.3336125,0.4372186,0.1808064,73
0.7106773,0.2808311,0.3510588,0.4855015,0.1165367,76
0.8824711,0.2373146,0.4586118,0.3931129,0.145062,85
0.643748,0.2277341,0.3380003,0.4336263,0.1839887,69
0.7569293,0.2740807,0.3752718,0.4755889,0.1116767,85
0.7784559,0.2889515,0.3898261,0.5044454,0.1787907,85
0.6941501,0.3742194,0.3520622,0.46703,0.1770278,84
0.6998417,0.230978,0.3300278,0.4129655,0.07711653,83
0.6538113,0.208434,0.3434067,0.3528345,0.1960157,67
0.7823327,0.3073197,0.3392597,0.4292724,0.142634,85
0.7493821,0.1904376,0.3462088,0.5587894,0.1505632,76
0.7793955,0.2576623,0.4161217,0.5996456,0.08043001,87
0.8212017,0.3258669,0.3473326,0.4996442,0.2038371,84
0.7428104,0.2868593,0.3583266,0.4765761,0.1178958,82
0.7963235,0.2233558,0.45616,0.4718082,0.07917684,93
0.7155493,0.3230167,0.4033695,0.4901256,0.121932,71
0.7380632,0.3012779,0.3947472,0.4529393,0.2092502,80
0.750221,0.2632667,0.3196401,0.5936588,0.1289596,88
0.7407181,0.2249897,0.3146927,0.4667554,0.2110391,72
0.683559,0.2904319,0.3112763,0.419677,0.1977358,77
0.6119416,0.261222,0.2979752,0.3778956,0.3195504,56
0.7812665,0.3074843,0.3590191,0.5610626,0.164473,92
0.7813179,0.2515625,0.4376681,0.4643726,0.139576,78
0.6850836,0.2539472,0.3361855,0.4330737,0.09444886,71
0.6990589,0.2436289,0.3315918,0.4267526,0.1661186,89
0.6403271,0.1714361,0.3183315,0.3684428,0.2734491,54
0.7086174,0.2966348,0.3236847,0.4534432,0.1642738,66
0.7586859,0.2809898,0.3609973,0.4662173,0.2116672,75
0.9065529,0.3350121,0.3714214,0.5180285,0.3451927,90
0.6367549,0.2208524,0.2599784,0.3961426,0.1613095,66
0.7321268,0.3287977,0.3887594,0.37756,0.1508379,77
0.7104399,0.3392677,0.3398654,0.4783968,0.1783367,82
0.7135342,0.2756286,0.364203,0.4881579,0.2398601,65
0.6381899,0.2900681,0.3178429,0.368216,0.2151813,58
0.6905584,0.2787066,0.3255354,0.450876,0.1539067,75
0.7943522,0.3192849,0.4282257,0.4192528,0.186248,88
0.687021,0.2967599,0.3722637,0.4855974,0.1110719,74
0.6619135,0.3277227,0.3066325,0.4174315,0.1652602,69
0.775323,0.2457833,0.4589885,0.520071,0.08833805,83
0.8005237,0.2748349,0.3910661,0.4694965,0.2034803,83
0.6592809,0.3026448,0.3999694,0.4658298,0.1573872,70
0.6354481,0.2754826,0.3337136,0.4331805,0.2288984,64
0.6681631,0.2000931,0.281555,0.3860706,0.2374201,50
0.7408659,0.4541394,0.4333813,0.5448346,0.1007044,74
0.699774,0.2815714,0.3834358,0.3707757,0.2089021,69
0.7873964,0.2832917,0.3889741,0.4982401,0.08285614,86
0.7501244,0.1878714,0.3432832,0.3666024,0.2245465,66
0.683252,0.2871131,0.3416834,0.4572617,0.2311891,70
0.7752676,0.2689009,0.436579,0.4757353,0.1565131,89
0.7413105,0.3681882,0.3628981,0.3871411,0.2113185,78
0.719421,0.2973498,0.3470796,0.488238,0.2083338,69
0.6852953,0.2854953,0.3623971,0.4026506,0.151962,64
0.7429069,0.3006888,0.3609664,0.4195826,0.1361019,79
0.7179129,0.3067206,0.4113412,0.465485,0.1212782,92
0.7355309,0.2250236,0.3268224,0.4026082,0.1838707,70
0.8486431,0.1900156,0.3653132,0.4437875,0.08939039,77
0.6864297,0.3376544,0.3886536,0.4402287,0.2024608,78
0.6894109,0.3566757,0.3377406,0.3652245,0.1272119,71
0.6800864,0.2440976,0.3086575,0.3657101,0.1544017,68
0.6976902,0.2515439,0.3479922,0.3796485,0.1755382,61
0.7854201,0.2130741,0.2947897,0.4154581,0.03062598,73
